[
  { "id": "task.new-task", "command": "application:new-task", "command-after": "application:show?page=index" },
  { "id": "task.new-bt-task", "command": "application:new-bt-task", "command-arg": { "type": "torrent" }, "command-after": "application:show?page=index" },
  { "id": "task.open-file", "command": "application:open-file", "command-before": "application:show?page=index" },
  { "type": "separator" },
  { "id": "app.show", "command": "application:show", "command-arg": { "page": "index" } },
  { "id": "help.manual", "command": "help:manual" },
  { "id": "app.check-for-updates", "command": "application:check-for-updates" },
  { "type": "separator" },
  { "id": "app.task-list", "command": "application:task-list", "command-before": "application:show?page=index" },
  { "id": "app.preferences", "command": "application:preferences", "command-before": "application:show?page=index" },
  { "id": "app.quit", "command": "application:quit" }
]
